{
  "totalPathLength": 3702.8924025141228,
  "segmentLengths": [
    217.22320318050743,
    360.55266220376495,
    40.55175020198813,
    29.604804414899338,
    58.93876294746758,
    108.6237133922014,
    57.888782256246394,
    46.66666666666674,
    40.813940973370585,
    42.3739962188552,
    82.02980488145084,
    66.10429469994952,
    45.645980716329824,
    31.0125422656347,
    51.77730090386029,
    65.455667779379,
    52.83096734975725,
    60,
    42.52058325093862,
    61.46362971528591,
    86.51268372004441,
    72.65137453773487,
    69.85699678629192,
    74.67857047968235,
    44.14118761932494,
    127.03105482081489,
    32.687068459016714,
    52.544161320634856,
    53.3333333333333,
    37.712361663282465,
    48.82622246293481,
    41.52643067305976,
    62.836648895723606,
    32.46878843169585,
    31.69297153067931,
    72.17263254786323,
    28.844410203711913,
    121.44317372518081,
    34.99841266241782,
    54.92621313078936,
    50.77182070575938,
    70.40202017303508,
    113.40389959981293,
    110.67469850371793,
    64.22183775355896,
    37.35713526965832,
    56.25339495927729,
    64.02777175222924,
    88.85443776824603,
    86.73843182554981,
    217.22320318050737
  ],
  "cumulativeDistances": [
    217.22320318050743,
    577.7758653842724,
    618.3276155862605,
    647.9324200011599,
    706.8711829486275,
    815.4948963408289,
    873.3836785970752,
    920.050345263742,
    960.8642862371125,
    1003.2382824559677,
    1085.2680873374186,
    1151.3723820373682,
    1197.018362753698,
    1228.0309050193327,
    1279.808205923193,
    1345.263873702572,
    1398.0948410523292,
    1458.0948410523292,
    1500.615424303268,
    1562.0790540185537,
    1648.591737738598,
    1721.243112276333,
    1791.100109062625,
    1865.7786795423074,
    1909.9198671616323,
    2036.9509219824472,
    2069.637990441464,
    2122.182151762099,
    2175.5154850954323,
    2213.227846758715,
    2262.0540692216496,
    2303.580499894709,
    2366.4171487904327,
    2398.8859372221286,
    2430.578908752808,
    2502.751541300671,
    2531.595951504383,
    2653.0391252295635,
    2688.037537891981,
    2742.9637510227703,
    2793.7355717285295,
    2864.1375919015645,
    2977.5414915013775,
    3088.2161900050955,
    3152.4380277586547,
    3189.795163028313,
    3246.04855798759,
    3310.0763297398194,
    3398.9307675080654,
    3485.6691993336153,
    3702.8924025141228
  ]
}